{
  "single": {
    "f1": {
      "n": 10,
      "cap": 269.0,
      "best": 295.0,
      "mean": 292.03333333333336,
      "worst": 290.0,
      "std": 1.629117242099459,
      "opt": 295,
      "secs": 1.16
    },
    "f2": {
      "n": 20,
      "cap": 878.0,
      "best": 1018.0,
      "mean": 1018.0,
      "worst": 1018.0,
      "std": 0.0,
      "opt": 1024,
      "secs": 1.48
    },
    "f3": {
      "n": 4,
      "cap": 20.0,
      "best": 35.0,
      "mean": 35.0,
      "worst": 35.0,
      "std": 0.0,
      "opt": 35,
      "secs": 0.79
    },
    "f4": {
      "n": 4,
      "cap": 11.0,
      "best": 23.0,
      "mean": 22.766666666666666,
      "worst": 22.0,
      "std": 0.4301830671520764,
      "opt": 23,
      "secs": 0.86
    },
    "f5": {
      "n": 15,
      "cap": 375.0,
      "best": 481.07000000000016,
      "mean": 481.06999999999994,
      "worst": 481.07000000000005,
      "std": 1.4161766987468803e-13,
      "opt": 481.0694,
      "secs": 1.3
    },
    "f6": {
      "n": 10,
      "cap": 60.0,
      "best": 52.0,
      "mean": 52.0,
      "worst": 52.0,
      "std": 0.0,
      "opt": 52,
      "secs": 1.06
    },
    "f7": {
      "n": 7,
      "cap": 50.0,
      "best": 107.0,
      "mean": 105.26666666666667,
      "worst": 96.0,
      "std": 3.7410429426632588,
      "opt": 107,
      "secs": 0.9
    },
    "f8": {
      "n": 23,
      "cap": 10000.0,
      "best": 9767.0,
      "mean": 9754.033333333333,
      "worst": 9738.0,
      "std": 8.397386019114698,
      "opt": 9767,
      "secs": 1.28
    },
    "f9": {
      "n": 5,
      "cap": 80.0,
      "best": 130.0,
      "mean": 130.0,
      "worst": 130.0,
      "std": 0.0,
      "opt": 130,
      "secs": 0.85
    },
    "f10": {
      "n": 20,
      "cap": 879.0,
      "best": 1025.0,
      "mean": 1019.2,
      "worst": 1019.0,
      "std": 1.0954451150103326,
      "opt": 1025,
      "secs": 1.36
    },
    "f11": {
      "n": 30,
      "cap": 577.0,
      "best": 1437.0,
      "mean": 1437.0,
      "worst": 1437.0,
      "std": 0.0,
      "opt": null,
      "secs": 1.59
    },
    "f12": {
      "n": 35,
      "cap": 655.0,
      "best": 1689.0,
      "mean": 1684.5666666666666,
      "worst": 1684.0,
      "std": 1.5465943304527225,
      "opt": 1689,
      "secs": 1.63
    },
    "f13": {
      "n": 40,
      "cap": 819.0,
      "best": 1821.0,
      "mean": 1816.1666666666667,
      "worst": 1816.0,
      "std": 0.9128709291752769,
      "opt": null,
      "secs": 1.68
    },
    "f14": {
      "n": 45,
      "cap": 907.0,
      "best": 2033.0,
      "mean": 2030.2,
      "worst": 1979.0,
      "std": 11.111969315515838,
      "opt": null,
      "secs": 1.56
    },
    "f15": {
      "n": 50,
      "cap": 882.0,
      "best": 2440.0,
      "mean": 2424.6,
      "worst": 2268.0,
      "std": 36.34470980809288,
      "opt": null,
      "secs": 1.58
    },
    "f16": {
      "n": 55,
      "cap": 1050.0,
      "best": 2651.0,
      "mean": 2618.9,
      "worst": 2430.0,
      "std": 67.48044416590325,
      "opt": null,
      "secs": 1.65
    },
    "f17": {
      "n": 60,
      "cap": 1006.0,
      "best": 2917.0,
      "mean": 2917.0,
      "worst": 2917.0,
      "std": 0.0,
      "opt": null,
      "secs": 1.73
    },
    "f18": {
      "n": 65,
      "cap": 1319.0,
      "best": 2816.0,
      "mean": 2773.6,
      "worst": 2546.0,
      "std": 83.8280670634019,
      "opt": null,
      "secs": 1.5
    },
    "f19": {
      "n": 70,
      "cap": 1426.0,
      "best": 3216.0,
      "mean": 3149.8333333333335,
      "worst": 2737.0,
      "std": 141.5580990346326,
      "opt": null,
      "secs": 1.32
    },
    "f20": {
      "n": 75,
      "cap": 1433.0,
      "best": 3614.0,
      "mean": 3570.9,
      "worst": 3216.0,
      "std": 111.28043171536773,
      "opt": null,
      "secs": 1.45
    }
  },
  "multiple": {
    "weish01": {
      "n": 30,
      "best": 4554.0,
      "mean": 4385.933333333333,
      "worst": 4100.0,
      "std": 115.40571112782737,
      "opt": 4554.0,
      "secs": 0.3
    },
    "weish02": {
      "n": 30,
      "best": 4531.0,
      "mean": 4510.7,
      "worst": 4452.0,
      "std": 27.417776765423934,
      "opt": 4536.0,
      "secs": 0.31
    },
    "weish03": {
      "n": 30,
      "best": 4115.0,
      "mean": 4092.5666666666666,
      "worst": 3987.0,
      "std": 28.567745657542233,
      "opt": 4115.0,
      "secs": 0.3
    },
    "weish04": {
      "n": 30,
      "best": 4561.0,
      "mean": 4547.533333333334,
      "worst": 4451.0,
      "std": 29.015730969220147,
      "opt": 4561.0,
      "secs": 0.28
    },
    "weish05": {
      "n": 30,
      "best": 4514.0,
      "mean": 4508.6,
      "worst": 4460.0,
      "std": 16.476943137985693,
      "opt": 4514.0,
      "secs": 0.27
    },
    "weish06": {
      "n": 40,
      "best": 5518.0,
      "mean": 5479.966666666666,
      "worst": 5311.0,
      "std": 45.28338610871833,
      "opt": 5557.0,
      "secs": 0.32
    },
    "weish07": {
      "n": 40,
      "best": 5541.0,
      "mean": 5406.2,
      "worst": 5191.0,
      "std": 70.34613927107036,
      "opt": 5567.0,
      "secs": 0.36
    },
    "weish08": {
      "n": 40,
      "best": 5605.0,
      "mean": 5578.7,
      "worst": 5500.0,
      "std": 33.65355952890447,
      "opt": 5605.0,
      "secs": 0.31
    },
    "weish09": {
      "n": 40,
      "best": 5246.0,
      "mean": 5242.833333333333,
      "worst": 5185.0,
      "std": 12.561801247222178,
      "opt": 5246.0,
      "secs": 0.35
    },
    "weish10": {
      "n": 50,
      "best": 6338.0,
      "mean": 6282.2,
      "worst": 6159.0,
      "std": 49.60075082857739,
      "opt": 6339.0,
      "secs": 0.85
    },
    "weish11": {
      "n": 50,
      "best": 5643.0,
      "mean": 5541.8,
      "worst": 5422.0,
      "std": 63.77514379064339,
      "opt": 5643.0,
      "secs": 1.38
    },
    "weish12": {
      "n": 50,
      "best": 6338.0,
      "mean": 6278.366666666667,
      "worst": 6042.0,
      "std": 82.5584362878734,
      "opt": 6339.0,
      "secs": 0.8
    },
    "weish13": {
      "n": 50,
      "best": 6159.0,
      "mean": 6136.666666666667,
      "worst": 6082.0,
      "std": 21.1421026803657,
      "opt": 6159.0,
      "secs": 0.73
    },
    "weish14": {
      "n": 60,
      "best": 6935.0,
      "mean": 6883.866666666667,
      "worst": 6739.0,
      "std": 39.833908041831116,
      "opt": 6954.0,
      "secs": 2.3
    },
    "weish15": {
      "n": 60,
      "best": 7486.0,
      "mean": 7461.966666666666,
      "worst": 7428.0,
      "std": 14.974652913675744,
      "opt": 7486.0,
      "secs": 1.48
    },
    "weish16": {
      "n": 60,
      "best": 7289.0,
      "mean": 7285.6,
      "worst": 7271.0,
      "std": 4.731406439585563,
      "opt": 7289.0,
      "secs": 1.11
    },
    "weish17": {
      "n": 60,
      "best": 8633.0,
      "mean": 8630.9,
      "worst": 8624.0,
      "std": 3.871647604368687,
      "opt": 8633.0,
      "secs": 0.29
    },
    "weish18": {
      "n": 70,
      "best": 9548.0,
      "mean": 9528.833333333334,
      "worst": 9485.0,
      "std": 18.072809321785286,
      "opt": 9580.0,
      "secs": 1.01
    },
    "weish19": {
      "n": 70,
      "best": 7698.0,
      "mean": 7661.7,
      "worst": 7578.0,
      "std": 33.19238591542676,
      "opt": 7698.0,
      "secs": 6.22
    },
    "weish20": {
      "n": 70,
      "best": 9433.0,
      "mean": 9412.033333333333,
      "worst": 9342.0,
      "std": 26.394204344675853,
      "opt": 9450.0,
      "secs": 1.52
    },
    "weish21": {
      "n": 70,
      "best": 9074.0,
      "mean": 9060.8,
      "worst": 9034.0,
      "std": 13.993594593783698,
      "opt": 9074.0,
      "secs": 2.0
    },
    "weish22": {
      "n": 80,
      "best": 8929.0,
      "mean": 8889.2,
      "worst": 8740.0,
      "std": 42.67551991481768,
      "opt": 8947.0,
      "secs": 11.0
    },
    "weish23": {
      "n": 80,
      "best": 8344.0,
      "mean": 8304.6,